<?xml version="1.0" encoding="utf-8"?>
<dleplugin>
	<name>User custom link v.0.0.1</name>
	<description>Изменяет путь к профилю пользователя на @имя_юзера
@author: Elkhan I. Isaev &lt;elhan.isaev@gmail.com&gt;</description>
	<icon></icon>
	<version></version>
	<dleversion></dleversion>
	<versioncompare>less</versioncompare>
	<upgradeurl></upgradeurl>
	<filedelete>0</filedelete>
	<needplugin></needplugin>
	<mysqlinstall><![CDATA[]]></mysqlinstall>
	<mysqlupgrade><![CDATA[]]></mysqlupgrade>
	<mysqlenable><![CDATA[]]></mysqlenable>
	<mysqldisable><![CDATA[]]></mysqldisable>
	<mysqldelete><![CDATA[]]></mysqldelete>
	<phpinstall><![CDATA[]]></phpinstall>
	<phpupgrade><![CDATA[]]></phpupgrade>
	<phpenable><![CDATA[]]></phpenable>
	<phpdisable><![CDATA[]]></phpdisable>
	<phpdelete><![CDATA[]]></phpdelete>
	<file name="engine/modules/functions.php">
		<operation action="before">
			<searchcode><![CDATA[?>]]></searchcode>
			<replacecode><![CDATA[if (!function_exists("user_new_link"))
{
  function user_new_link()
  {
    return "@";
  }
}]]></replacecode>
		</operation>
	</file>
	<file name="engine/inc/include/functions.inc.php">
		<operation action="before">
			<searchcode><![CDATA[function dle_session(]]></searchcode>
			<replacecode><![CDATA[if (!function_exists("user_new_link"))
{
  function user_new_link()
  {
    return "@";
  }
}]]></replacecode>
		</operation>
	</file>
	<file name="engine/ajax/profile.php">
		<operation action="replace">
			<searchcode><![CDATA["user/"]]></searchcode>
			<replacecode><![CDATA[user_new_link()]]></replacecode>
		</operation>
	</file>
	<file name="engine/ajax/adminfunction.php">
		<operation action="replace">
			<searchcode><![CDATA["user/"]]></searchcode>
			<replacecode><![CDATA[user_new_link()]]></replacecode>
		</operation>
	</file>
	<file name="engine/classes/comments.class.php">
		<operation action="replace">
			<searchcode><![CDATA["user/"]]></searchcode>
			<replacecode><![CDATA[user_new_link()]]></replacecode>
		</operation>
	</file>
	<file name="engine/skins/default.skin.php">
		<operation action="replace">
			<searchcode><![CDATA["user/"]]></searchcode>
			<replacecode><![CDATA[user_new_link()]]></replacecode>
		</operation>
	</file>
	<file name="engine/modules/show.short.php">
		<operation action="replace">
			<searchcode><![CDATA["user/"]]></searchcode>
			<replacecode><![CDATA[user_new_link()]]></replacecode>
		</operation>
	</file>
	<file name="engine/modules/profile.php">
		<operation action="replace">
			<searchcode><![CDATA["user/"]]></searchcode>
			<replacecode><![CDATA[user_new_link()]]></replacecode>
		</operation>
	</file>
	<file name="engine/modules/stats.php">
		<operation action="replace">
			<searchcode><![CDATA["user/"]]></searchcode>
			<replacecode><![CDATA[user_new_link()]]></replacecode>
		</operation>
	</file>
	<file name="engine/modules/show.full.php">
		<operation action="replace">
			<searchcode><![CDATA["user/"]]></searchcode>
			<replacecode><![CDATA[user_new_link()]]></replacecode>
		</operation>
	</file>
	<file name="engine/modules/pm.php">
		<operation action="replace">
			<searchcode><![CDATA["user/"]]></searchcode>
			<replacecode><![CDATA[user_new_link()]]></replacecode>
		</operation>
	</file>
	<file name="engine/modules/show.custom.php">
		<operation action="replace">
			<searchcode><![CDATA["user/"]]></searchcode>
			<replacecode><![CDATA[user_new_link()]]></replacecode>
		</operation>
	</file>
	<file name="engine/modules/addcomments.php">
		<operation action="replace">
			<searchcode><![CDATA["user/"]]></searchcode>
			<replacecode><![CDATA[user_new_link()]]></replacecode>
		</operation>
	</file>
	<file name="engine/init.php">
		<operation action="replace">
			<searchcode><![CDATA["user/"]]></searchcode>
			<replacecode><![CDATA[user_new_link()]]></replacecode>
		</operation>
	</file>
	<file name="engine/inc/editusers.php">
		<operation action="replace">
			<searchcode><![CDATA["user/"]]></searchcode>
			<replacecode><![CDATA[user_new_link()]]></replacecode>
		</operation>
	</file>
	<file name="engine/inc/cmoderation.php">
		<operation action="replace">
			<searchcode><![CDATA["user/"]]></searchcode>
			<replacecode><![CDATA[user_new_link()]]></replacecode>
		</operation>
	</file>
	<file name="engine/engine.php">
		<operation action="replace">
			<searchcode><![CDATA["user/"]]></searchcode>
			<replacecode><![CDATA[user_new_link()]]></replacecode>
		</operation>
	</file>
	<file name="engine/classes/templates.class.php">
		<operation action="replace">
			<searchcode><![CDATA["user/"]]></searchcode>
			<replacecode><![CDATA[user_new_link()]]></replacecode>
		</operation>
	</file>
</dleplugin>