<?xml version="1.0" encoding="utf-8"?>
<dleplugin>
	<name>Коронавирус.Информер</name>
	<description>Вывод актуальной статистики о Коронавирусе (Covid-19) в России, Казахстане, Украине и остальных странах мира.</description>
	<icon>engine/skins/images/c19.png</icon>
	<version>1.2</version>
	<dleversion></dleversion>
	<versioncompare>less</versioncompare>
	<upgradeurl></upgradeurl>
	<filedelete>1</filedelete>
	<needplugin></needplugin>
	<mnotice>0</mnotice>
	<mysqlinstall><![CDATA[INSERT INTO `{prefix}_admin_sections` (`name`, `title`, `descr`, `icon`, `allow_groups`) VALUES
('covid19', 'Корона.Инфо', 'Статитика коронавируса в Росии и Мире', 'engine/skins/images/c19.png', 'all');]]></mysqlinstall>
	<mysqlupgrade><![CDATA[]]></mysqlupgrade>
	<mysqlenable><![CDATA[]]></mysqlenable>
	<mysqldisable><![CDATA[]]></mysqldisable>
	<mysqldelete><![CDATA[DELETE FROM `{prefix}_admin_sections` WHERE `name` = 'covid19';]]></mysqldelete>
	<phpinstall><![CDATA[]]></phpinstall>
	<phpupgrade><![CDATA[]]></phpupgrade>
	<phpenable><![CDATA[]]></phpenable>
	<phpdisable><![CDATA[]]></phpdisable>
	<phpdelete><![CDATA[unlink( ENGINE_DIR . "plugins/covid19/" );]]></phpdelete>
	<notice><![CDATA[]]></notice>
	<file name="language/Russian/website.lng">
		<operation action="after">
			<searchcode><![CDATA['wysiwyg_language'	=>  "ru",]]></searchcode>
			<replacecode><![CDATA['wysiwyg_language'	=>  "ru",
	
// Covid-19 Informer	
'c19_def_title'	=> 'Все страны',
'c19_l_confirmed' => 'Заражено',
'c19_l_deaths' => 'Погибло',
'c19_l_recovered' => 'Вылечено',
'c19_l_active' => 'Зараженных',		
'c19_l_today_confirmed' => 'Сегодня заражено',
'c19_l_today_deaths' => 'Сегодня погибло',
'c19_l_country' => 'Страна',
'c19_updated' => 'Обновлено',]]></replacecode>
		</operation>
	</file>
	<file name="engine/modules/show.short.php">
		<operation action="before">
			<searchcode><![CDATA[$row['title'] = stripslashes( $row['title'] );]]></searchcode>
			<replacecode><![CDATA[if( strpos( $row['short_story'], "{covid19" ) !== false ) {	
		$row['short_story'] = preg_replace_callback( "#\\{covid19(.+?)\\}#i", "covid19_print", $row['short_story'] );
}]]></replacecode>
		</operation>
	</file>
	<file name="engine/modules/show.full.php">
		<operation action="after">
			<searchcode><![CDATA[$tpl->compile( 'content' );]]></searchcode>
			<replacecode><![CDATA[		if( stripos( $tpl->result['content'], "{covid19" ) !== false ) {	
			$tpl->result['content'] = preg_replace_callback( "#\\{covid19(.+?)\\}#i", "covid19_print", $tpl->result['content'] );
		}
]]></replacecode>
		</operation>
	</file>
	<file name="engine/modules/show.custom.php">
		<operation action="before">
			<searchcode><![CDATA[$row['title'] = stripslashes( $row['title'] );]]></searchcode>
			<replacecode><![CDATA[if( strpos( $row['short_story'], "{covid19" ) !== false ) {	
		$row['short_story'] = preg_replace_callback( "#\\{covid19(.+?)\\}#i", "covid19_print", $row['short_story'] );
}]]></replacecode>
		</operation>
	</file>
	<file name="engine/classes/templates.class.php">
		<operation action="before">
			<searchcode><![CDATA[if( strpos( $this->template, "{include file=" ) !== false ) {]]></searchcode>
			<replacecode><![CDATA[if( strpos( $this->copy_template, "{covid19" ) !== false ) {		
			$this->copy_template = preg_replace_callback( "#\\{covid19(.+?)\\}#i", "covid19_print", $this->copy_template );
}]]></replacecode>
		</operation>
	</file>
	<file name="engine/modules/functions.php">
		<operation action="before">
			<searchcode><![CDATA[function custom_print( $matches=array() ) {]]></searchcode>
			<replacecode><![CDATA[function covid19_print( $matches=array() ) {
	global $_TIME;
	
		include (DLEPlugins::Check(ENGINE_DIR . '/plugins/covid19/init.php'));

		$covid = new Covid19();
		return $covid->getMatches($matches);

}]]></replacecode>
		</operation>
	</file>
	<file name="engine/init.php">
		<operation action="after">
			<searchcode><![CDATA[date_default_timezone_set ( $config['date_adjust'] );]]></searchcode>
			<replacecode><![CDATA[include_once (DLEPlugins::Check(ENGINE_DIR . '/plugins/covid19/data/config.php'));]]></replacecode>
		</operation>
	</file>
	<file name="engine/modules/static.php">
		<operation action="before">
			<searchcode><![CDATA[if (stripos ( $tpl->result['content'], "[static=" ) !== false) {]]></searchcode>
			<replacecode><![CDATA[		if( stripos( $tpl->result['content'], "{covid19" ) !== false ) {	
			$tpl->result['content'] = preg_replace_callback( "#\\{covid19(.+?)\\}#i", "covid19_print", $tpl->result['content'] );
		}
]]></replacecode>
		</operation>
	</file>
	<file name="language/Russian/adminpanel.lng">
		<operation action="after">
			<searchcode><![CDATA['wysiwyg_language'		=>  "ru",]]></searchcode>
			<replacecode><![CDATA[//Covid19
'c19_allow_world'		=>	"Включить статистику по странам?",
'c19_allow_worldd'		=>	"При включении данной опции будут собираться общая статистика по всем странам",
'c19_allow_ru'			=>	"Включить статистику по России?",
'c19_allow_rud'			=>	"При включении данной опции будет собираться статистика по регионам России",
'c19_allow_ua'			=>	"Включить статистику по Украине?",
'c19_allow_uad'			=>	"При включении данной опции будет собираться статистика по областям Украины",
'c19_cache_time'		=>	"Время жизни кэша",
'c19_cache_timed'		=>	"Введите количество минут, через которое обновлять статистику с серверов (в минутах).",
'c19_allow_kz'			=>	"Включить статистику по Казахстану?",
'c19_allow_kzd'			=>	"При включении данной опции будет собираться статистика по областям Казахстана",
'c19_allow_history'			=>	"Включить сбор статистики по датам?",
'c19_allow_historyd'			=>	"При включении данной опции будет собираться статистика по странам по датам. Данная опция необходима при выводе ститистики графиком.",




]]></replacecode>
		</operation>
	</file>
</dleplugin>