<?xml version="1.0" encoding="utf-8"?>
<dleplugin>
	<name>WebCash</name>
	<description>Вставка кода в файлы: engine/engine.php, engine/modules/main.php, engine/inc/userfields.php для модуля WebCash. Разработано в New-Dev.ru (платные и бесплатные модули для DLE) &lt;newdevexpert@gmail.com&gt;</description>
	<icon></icon>
	<version></version>
	<dleversion></dleversion>
	<versioncompare></versioncompare>
	<upgradeurl></upgradeurl>
	<filedelete>0</filedelete>
	<needplugin></needplugin>
	<mysqlinstall><![CDATA[]]></mysqlinstall>
	<mysqlupgrade><![CDATA[]]></mysqlupgrade>
	<mysqlenable><![CDATA[]]></mysqlenable>
	<mysqldisable><![CDATA[]]></mysqldisable>
	<mysqldelete><![CDATA[]]></mysqldelete>
	<phpinstall><![CDATA[]]></phpinstall>
	<phpupgrade><![CDATA[]]></phpupgrade>
	<phpenable><![CDATA[]]></phpenable>
	<phpdisable><![CDATA[]]></phpdisable>
	<phpdelete><![CDATA[]]></phpdelete>
	<file name="engine/engine.php">
		<operation action="before">
			<searchcode><![CDATA[case "rules" :]]></searchcode>
			<replacecode><![CDATA[
case "webcash" :
		require DLEPlugins::Check(ENGINE_DIR.'/modules/webcash/site/index.php');
		break;
		]]></replacecode>
		</operation>
	</file>
	<file name="engine/modules/main.php">
		<operation action="before">
			<searchcode><![CDATA[echo $tpl->result['main'];]]></searchcode>
			<replacecode><![CDATA[require ENGINE_DIR.'/modules/webcash/site/includes/main.php';]]></replacecode>
		</operation>
	</file>
	<file name="engine/inc/userfields.php">
		<operation action="after">
			<searchcode><![CDATA[msg("error", $lang['xfield_error'], $lang['xfield_xerr2']);
}]]></searchcode>
			<replacecode><![CDATA[require ENGINE_DIR.'/modules/webcash/admin/includes/userfields.php';]]></replacecode>
		</operation>
	</file>
</dleplugin>